step,CGM,Action,Active agent,Jerry_Reward,Morty_Reward,Rick_Reward,Total_Reward,Done,Truncation
1.0,124.382,0.04,Rick,0.0,0.0,224.618,224.618,0.0,0.0
2.0,124.516,0.0,Rick,0.0,0.0,224.766,224.766,False,False
3.0,124.615,0.02,Rick,0.0,0.0,224.852,224.852,False,False
4.0,124.58,0.07,Rick,0.0,0.0,224.823,224.823,False,False
5.0,124.425,0.04,Rick,0.0,0.0,224.669,224.669,False,False
6.0,124.231,0.06,Rick,0.0,0.0,224.408,224.408,False,False
7.0,124.115,0.08,Rick,0.0,0.0,224.218,224.218,False,False
8.0,124.215,0.0,Rick,0.0,0.0,224.384,224.384,False,False
9.0,124.657,0.06,Rick,0.0,0.0,224.882,224.882,False,False
10.0,125.447,0.08,Rick,0.0,0.0,224.8,224.8,False,False
11.0,126.409,0.02,Rick,0.0,0.0,223.013,223.013,False,False
12.0,127.326,0.02,Rick,0.0,0.0,219.588,219.588,False,False
13.0,127.981,0.03,Rick,0.0,0.0,216.117,216.117,False,False
14.0,128.173,0.05,Rick,0.0,0.0,214.929,214.929,False,False
15.0,127.825,0.01,Rick,0.0,0.0,217.02,217.02,False,False
16.0,127.031,0.03,Rick,0.0,0.0,220.875,220.875,False,False
17.0,125.928,0.02,Rick,0.0,0.0,224.139,224.139,False,False
18.0,124.65,0.02,Rick,0.0,0.0,224.877,224.877,False,False
19.0,123.327,0.01,Rick,0.0,0.0,222.201,222.201,False,False
20.0,122.052,0.05,Rick,0.0,0.0,216.309,216.309,False,False
21.0,120.864,0.01,Rick,0.0,0.0,207.891,207.891,False,False
22.0,119.789,0.04,Rick,0.0,0.0,197.845,197.845,False,False
23.0,118.854,0.02,Morty,0.0,187.231,197.845,385.076,False,False
24.0,118.087,0.04,Morty,0.0,177.211,197.845,375.056,False,False
25.0,117.515,0.04,Morty,0.0,168.97,197.845,366.815,False,False
26.0,117.166,0.06,Morty,0.0,163.628,197.845,361.473,False,False
27.0,117.07,0.03,Morty,0.0,162.114,197.845,359.958,False,False
28.0,117.255,0.06,Morty,0.0,165.02,197.845,362.865,False,False
29.0,117.745,0.04,Morty,0.0,172.362,197.845,370.207,False,False
30.0,118.523,0.02,Morty,0.0,183.055,197.845,380.899,False,False
31.0,119.521,0.02,Morty,0.0,194.975,197.845,392.82,False,False
32.0,120.652,0.05,Morty,0.0,206.099,197.845,403.944,False,False
33.0,121.836,0.03,Rick,0.0,206.099,214.989,421.088,False,False
34.0,122.987,0.0,Rick,0.0,206.099,220.948,427.046,False,False
35.0,124.018,0.08,Rick,0.0,206.099,224.035,430.134,False,False
36.0,124.835,0.0,Rick,0.0,206.099,224.973,431.072,False,False
37.0,125.344,0.05,Rick,0.0,206.099,224.881,430.98,False,False
38.0,125.451,0.03,Rick,0.0,206.099,224.796,430.895,False,False
39.0,125.077,0.07,Rick,0.0,206.099,224.994,431.093,False,False
40.0,124.236,0.05,Rick,0.0,206.099,224.416,430.515,False,False
41.0,123.079,0.02,Rick,0.0,206.099,221.311,427.41,False,False
42.0,121.792,0.08,Rick,0.0,206.099,214.71,420.809,False,False
43.0,120.557,0.02,Rick,0.0,206.099,205.263,411.362,False,False
44.0,119.558,0.07,Rick,0.0,206.099,195.389,401.488,False,False
45.0,118.979,0.01,Morty,0.0,188.744,195.389,384.133,False,False
46.0,119.001,0.01,Morty,0.0,189.018,195.389,384.407,False,False
47.0,119.81,0.03,Morty,0.0,198.064,195.389,393.453,False,False
48.0,121.587,0.07,Morty,0.0,213.355,195.389,408.744,False,False
49.0,122.178,0.03,Rick,0.0,213.355,217.036,430.391,False,False
50.0,119.554,0.08,Rick,0.0,213.355,195.339,408.693,False,False
51.0,118.647,0.03,Morty,0.0,184.634,195.339,379.972,False,False
52.0,119.082,0.02,Morty,0.0,189.979,195.339,385.318,False,False
53.0,120.486,0.01,Morty,0.0,204.627,195.339,399.965,False,False
54.0,122.485,0.03,Rick,0.0,204.627,218.674,423.301,False,False
55.0,124.703,0.08,Rick,0.0,204.627,224.912,429.539,False,False
56.0,126.768,0.06,Rick,0.0,204.627,221.875,426.501,False,False
57.0,128.304,0.05,Rick,0.0,204.627,214.082,418.709,False,False
58.0,128.938,0.05,Rick,0.0,204.627,209.489,414.115,False,False
59.0,128.347,0.06,Rick,0.0,204.627,213.8,418.427,False,False
60.0,126.507,0.03,Rick,0.0,204.627,222.73,427.357,False,False
61.0,123.849,0.05,Rick,0.0,204.627,223.675,428.302,False,False
62.0,120.904,0.02,Rick,0.0,204.627,208.223,412.85,False,False
63.0,118.203,0.02,Rick,0.0,204.627,178.801,383.428,False,False
64.0,116.231,0.08,Morty,0.0,148.109,178.801,326.91,False,False
65.0,115.202,0.01,Morty,0.0,129.008,178.801,307.809,False,False
66.0,114.923,0.0,Morty,0.0,123.445,178.801,302.246,False,False
67.0,115.107,0.01,Morty,0.0,127.128,178.801,305.929,False,False
68.0,115.471,0.02,Morty,0.0,134.202,178.801,313.003,False,False
69.0,115.755,0.0,Morty,0.0,139.522,178.801,318.323,False,False
70.0,115.838,0.05,Morty,0.0,141.059,178.801,319.86,False,False
71.0,115.815,0.02,Morty,0.0,140.641,178.801,319.443,False,False
72.0,115.827,0.03,Morty,0.0,140.859,178.801,319.66,False,False
73.0,116.015,0.03,Morty,0.0,144.263,178.801,323.064,False,False
74.0,116.496,0.07,Morty,0.0,152.687,178.801,331.488,False,False
75.0,117.255,0.07,Morty,0.0,165.018,178.801,343.819,False,False
76.0,118.071,0.07,Morty,0.0,176.994,178.801,355.795,False,False
77.0,118.679,0.05,Morty,0.0,185.051,178.801,363.852,False,False
78.0,118.814,0.01,Morty,0.0,186.734,178.801,365.535,False,False
79.0,118.238,0.03,Morty,0.0,179.279,178.801,358.08,False,False
80.0,116.89,0.06,Morty,0.0,159.233,178.801,338.034,False,False
81.0,114.971,0.01,Morty,0.0,124.414,178.801,303.215,False,False
82.0,112.738,0.07,Morty,0.0,74.651,178.801,253.452,False,False
83.0,110.452,0.02,Morty,0.0,13.351,178.801,192.152,False,False
84.0,108.351,0.02,Morty,0.0,-52.175,178.801,126.626,False,False
85.0,106.565,0.01,Morty,0.0,-114.842,178.801,63.959,False,False
86.0,105.053,0.01,Morty,0.0,-172.871,178.801,5.931,False,False
87.0,103.739,0.04,Morty,0.0,-227.046,178.801,-48.245,False,False
88.0,102.544,0.07,Morty,0.0,-279.264,178.801,-100.463,False,False
89.0,101.406,0.06,Morty,0.0,-331.659,178.801,-152.858,False,False
90.0,100.341,0.05,Morty,0.0,-383.046,178.801,-204.245,False,False
91.0,99.485,0.07,Morty,0.0,-426.022,178.801,-247.221,False,False
92.0,98.999,0.03,Morty,0.0,-451.062,178.801,-272.261,False,False
93.0,99.045,0.07,Morty,0.0,-448.654,178.801,-269.852,False,False
94.0,99.786,0.01,Morty,0.0,-410.764,178.801,-231.963,False,False
95.0,101.382,0.04,Morty,0.0,-332.818,178.801,-154.016,False,False
96.0,103.995,0.03,Morty,0.0,-216.199,178.801,-37.398,False,False
97.0,107.787,0.03,Morty,0.0,-71.275,178.801,107.526,False,False
98.0,112.92,0.01,Morty,0.0,79.065,178.801,257.866,False,False
99.0,114.398,0.07,Morty,0.0,112.591,178.801,291.392,False,False
100.0,108.032,0.02,Morty,0.0,-62.924,178.801,115.877,False,False
101.0,105.584,0.06,Morty,0.0,-151.986,178.801,26.815,False,False
102.0,106.253,0.04,Morty,0.0,-126.438,178.801,52.363,False,False
103.0,109.239,0.07,Morty,0.0,-23.406,178.801,155.395,False,False
104.0,113.74,0.01,Morty,0.0,98.219,178.801,277.02,False,False
105.0,118.956,0.07,Morty,0.0,188.47,178.801,367.271,False,False
106.0,124.085,0.05,Morty,0.0,224.163,178.801,402.964,False,False
107.0,128.327,0.05,Rick,0.0,224.163,213.934,438.097,False,False
108.0,130.879,0.01,Rick,0.0,224.163,190.432,414.595,False,False
109.0,131.042,0.02,Rick,0.0,224.163,188.499,412.662,False,False
110.0,128.706,0.05,Rick,0.0,224.163,211.266,435.428,False,False
111.0,124.658,0.03,Rick,0.0,224.163,224.883,449.046,False,False
112.0,119.881,0.05,Rick,0.0,224.163,198.795,422.958,False,False
113.0,115.359,0.08,Morty,0.0,132.051,198.795,330.847,False,False
114.0,111.997,0.02,Morty,0.0,55.932,198.795,254.728,False,False
115.0,110.231,0.06,Morty,0.0,6.872,198.795,205.668,False,False
116.0,109.788,0.02,Morty,0.0,-6.402,198.795,192.393,False,False
117.0,110.241,0.03,Morty,0.0,7.169,198.795,205.964,False,False
118.0,111.161,0.01,Morty,0.0,33.482,198.795,232.277,False,False
119.0,112.143,0.04,Morty,0.0,59.707,198.795,258.503,False,False
120.0,112.922,0.02,Morty,0.0,79.129,198.795,277.925,False,False
121.0,113.441,0.03,Morty,0.0,91.39,198.795,290.185,False,False
122.0,113.689,0.04,Morty,0.0,97.068,198.795,295.864,False,False
123.0,113.657,0.02,Morty,0.0,96.336,198.795,295.132,False,False
124.0,113.332,0.02,Morty,0.0,88.855,198.795,287.65,False,False
125.0,112.689,0.0,Morty,0.0,73.432,198.795,272.228,False,False
126.0,111.683,0.01,Morty,0.0,47.651,198.795,246.447,False,False
127.0,110.265,0.05,Morty,0.0,7.881,198.795,206.676,False,False
128.0,108.387,0.0,Morty,0.0,-51.005,198.795,147.79,False,False
129.0,106.017,0.04,Morty,0.0,-135.363,198.795,63.433,False,False
130.0,103.234,0.01,Morty,0.0,-248.752,198.795,-49.956,False,False
131.0,100.281,0.03,Morty,0.0,-386.022,198.795,-187.227,False,False
132.0,97.436,0.07,Morty,0.0,-534.749,198.795,-335.954,False,False
133.0,94.979,0.03,Morty,0.0,-676.271,198.795,-477.475,False,False
134.0,93.165,0.02,Morty,0.0,-788.481,198.795,-589.686,False,False
135.0,92.118,0.0,Morty,0.0,-856.237,198.795,-657.442,False,False
136.0,91.762,0.05,Morty,0.0,-879.763,198.795,-680.968,False,False
137.0,91.977,0.07,Morty,0.0,-865.517,198.795,-666.721,False,False
138.0,92.642,0.01,Morty,0.0,-822.01,198.795,-623.215,False,False
139.0,93.639,0.01,Morty,0.0,-758.494,198.795,-559.698,False,False
140.0,94.857,0.04,Morty,0.0,-683.598,198.795,-484.803,False,False
141.0,96.198,0.02,Morty,0.0,-604.553,198.795,-405.758,False,False
142.0,97.568,0.01,Morty,0.0,-527.542,198.795,-328.746,False,False
143.0,98.871,0.06,Morty,0.0,-457.743,198.795,-258.948,False,False
144.0,100.013,0.01,Morty,0.0,-399.368,198.795,-200.573,False,False
145.0,100.899,0.05,Morty,0.0,-355.873,198.795,-157.077,False,False
146.0,101.434,0.0,Morty,0.0,-330.356,198.795,-131.56,False,False
147.0,101.524,0.07,Morty,0.0,-326.133,198.795,-127.337,False,False
148.0,101.073,0.0,Morty,0.0,-347.495,198.795,-148.7,False,False
149.0,100.042,0.02,Morty,0.0,-397.889,198.795,-199.094,False,False
150.0,98.766,0.04,Morty,0.0,-463.248,198.795,-264.452,False,False
151.0,97.799,0.05,Morty,0.0,-514.88,198.795,-316.085,False,False
152.0,97.087,0.05,Morty,0.0,-554.129,198.795,-355.334,False,False
153.0,96.573,0.0,Morty,0.0,-583.109,198.795,-384.314,False,False
154.0,96.2,0.04,Morty,0.0,-604.455,198.795,-405.659,False,False
155.0,95.912,0.01,Morty,0.0,-621.132,198.795,-422.336,False,False
156.0,95.652,0.06,Morty,0.0,-636.305,198.795,-437.509,False,False
157.0,95.364,0.01,Morty,0.0,-653.274,198.795,-454.479,False,False
158.0,94.992,0.03,Morty,0.0,-675.474,198.795,-476.678,False,False
159.0,94.489,0.05,Morty,0.0,-705.943,198.795,-507.147,False,False
160.0,93.865,0.06,Morty,0.0,-744.362,198.795,-545.567,False,False
161.0,93.221,0.07,Morty,0.0,-784.884,198.795,-586.088,False,False
162.0,92.676,0.03,Morty,0.0,-819.819,198.795,-621.024,False,False
163.0,92.359,0.0,Morty,0.0,-840.44,198.795,-641.645,False,False
164.0,92.396,0.0,Morty,0.0,-837.993,198.795,-639.197,False,False
165.0,92.825,0.07,Morty,0.0,-810.241,198.795,-611.446,False,False
166.0,93.526,0.04,Morty,0.0,-765.626,198.795,-566.83,False,False
167.0,94.339,0.02,Morty,0.0,-715.09,198.795,-516.294,False,False
168.0,95.094,0.04,Morty,0.0,-669.39,198.795,-470.594,False,False
169.0,95.625,0.03,Morty,0.0,-637.88,198.795,-439.085,False,False
170.0,95.871,0.05,Morty,0.0,-623.486,198.795,-424.69,False,False
171.0,95.929,0.07,Morty,0.0,-620.112,198.795,-421.317,False,False
172.0,95.926,0.02,Morty,0.0,-620.272,198.795,-421.477,False,False
173.0,95.986,0.03,Morty,0.0,-616.818,198.795,-418.023,False,False
174.0,96.225,0.0,Morty,0.0,-603.027,198.795,-404.232,False,False
175.0,96.731,0.04,Morty,0.0,-574.157,198.795,-375.361,False,False
176.0,97.55,0.06,Morty,0.0,-528.495,198.795,-329.7,False,False
177.0,98.723,0.06,Morty,0.0,-465.493,198.795,-266.697,False,False
178.0,100.292,0.01,Morty,0.0,-385.473,198.795,-186.678,False,False
179.0,102.285,0.03,Morty,0.0,-290.951,198.795,-92.155,False,False
180.0,104.611,0.0,Morty,0.0,-190.724,198.795,8.072,False,False
181.0,106.996,0.0,Morty,0.0,-99.132,198.795,99.664,False,False
182.0,109.132,0.03,Morty,0.0,-26.782,198.795,172.014,False,False
183.0,110.711,0.02,Morty,0.0,20.811,198.795,219.606,False,False
184.0,111.464,0.04,Morty,0.0,41.768,198.795,240.563,False,False
185.0,111.364,0.03,Morty,0.0,39.051,198.795,237.846,False,False
186.0,110.74,0.04,Morty,0.0,21.648,198.795,220.444,False,False
187.0,110.002,0.01,Morty,0.0,0.046,198.795,198.842,False,False
188.0,109.559,0.0,Morty,0.0,-13.439,198.795,185.357,False,False
189.0,109.787,0.07,Morty,0.0,-6.429,198.795,192.367,False,False
190.0,110.861,0.0,Morty,0.0,25.096,198.795,223.891,False,False
191.0,112.65,0.0,Morty,0.0,72.479,198.795,271.275,False,False
192.0,114.956,0.04,Morty,0.0,124.11,198.795,322.906,False,False
193.0,117.58,0.02,Morty,0.0,169.943,198.795,368.739,False,False
194.0,120.325,0.02,Morty,0.0,203.149,198.795,401.944,False,False
195.0,122.995,0.07,Rick,0.0,203.149,220.978,424.127,False,False
196.0,125.39,0.08,Rick,0.0,203.149,224.848,427.997,False,False
197.0,127.313,0.03,Rick,0.0,203.149,219.648,422.797,False,False
198.0,128.569,0.0,Rick,0.0,203.149,212.265,415.414,False,False
199.0,127.542,0.0,Rick,0.0,203.149,218.538,421.687,False,False
200.0,123.454,0.05,Rick,0.0,203.149,222.609,425.758,False,False
201.0,120.615,0.05,Rick,0.0,203.149,205.772,408.921,False,False
202.0,118.863,0.07,Rick,0.0,203.149,187.34,390.489,False,False
203.0,118.036,0.06,Morty,0.0,176.508,187.34,363.848,False,False
204.0,117.973,0.06,Morty,0.0,175.621,187.34,362.961,False,False
205.0,118.512,0.03,Morty,0.0,182.901,187.34,370.241,False,False
206.0,119.491,0.05,Morty,0.0,194.654,187.34,381.994,False,False
207.0,120.75,0.06,Morty,0.0,206.939,187.34,394.279,False,False
208.0,122.126,0.05,Rick,0.0,206.939,216.739,423.678,False,False
209.0,123.46,0.06,Rick,0.0,206.939,222.628,429.567,False,False
210.0,124.627,0.02,Rick,0.0,206.939,224.861,431.8,False,False
211.0,125.555,0.02,Rick,0.0,206.939,224.691,431.631,False,False
212.0,126.181,0.07,Rick,0.0,206.939,223.605,430.544,False,False
213.0,126.439,0.01,Rick,0.0,206.939,222.928,429.867,False,False
214.0,126.284,0.03,Rick,0.0,206.939,223.351,430.29,False,False
215.0,125.782,0.08,Rick,0.0,206.939,224.389,431.328,False,False
216.0,125.166,0.0,Rick,0.0,206.939,224.972,431.911,False,False
217.0,124.712,0.07,Rick,0.0,206.939,224.917,431.856,False,False
218.0,124.692,0.08,Rick,0.0,206.939,224.905,431.844,False,False
219.0,125.346,0.0,Rick,0.0,206.939,224.88,431.82,False,False
220.0,126.702,0.04,Rick,0.0,206.939,222.103,429.042,False,False
221.0,128.471,0.04,Rick,0.0,206.939,212.954,419.894,False,False
222.0,130.291,0.02,Rick,0.0,206.939,197.004,403.943,False,False
223.0,131.804,0.08,Rick,0.0,206.939,178.703,385.642,False,False
224.0,132.687,0.07,Rick,0.0,206.939,165.911,372.85,False,False
225.0,132.832,0.07,Rick,0.0,206.939,163.662,370.601,False,False
226.0,132.454,0.04,Rick,0.0,206.939,169.437,376.376,False,False
227.0,131.841,0.06,Rick,0.0,206.939,178.207,385.146,False,False
228.0,131.278,0.0,Rick,0.0,206.939,185.581,392.52,False,False
229.0,131.034,0.03,Rick,0.0,206.939,188.589,395.528,False,False
230.0,131.249,0.07,Rick,0.0,206.939,185.948,392.887,False,False
231.0,131.878,0.07,Rick,0.0,206.939,177.698,384.637,False,False
232.0,132.832,0.01,Rick,0.0,206.939,163.658,370.597,False,False
233.0,134.025,0.06,Rick,0.0,206.939,143.541,350.48,False,False
234.0,135.37,0.04,Rick,0.0,206.939,117.456,324.395,False,False
235.0,136.779,0.08,Rick,0.0,206.939,86.259,293.198,False,False
236.0,138.162,0.03,Rick,0.0,206.939,51.762,258.701,False,False
237.0,139.431,0.01,Rick,0.0,206.939,16.759,223.699,False,False
238.0,140.495,0.02,Rick,0.0,206.939,-15.103,191.836,False,False
239.0,141.275,0.02,Rick,0.0,206.939,-39.882,167.057,False,False
240.0,141.739,0.07,Rick,0.0,206.939,-55.205,151.734,False,False
241.0,141.932,0.05,Rick,0.0,206.939,-61.681,145.258,False,False
242.0,141.915,0.07,Rick,0.0,206.939,-61.105,145.835,False,False
243.0,141.759,0.05,Rick,0.0,206.939,-55.876,151.063,False,False
244.0,141.556,0.01,Rick,0.0,206.939,-49.09,157.849,False,False
245.0,141.415,0.0,Rick,0.0,206.939,-44.468,162.471,False,False
246.0,141.47,0.02,Rick,0.0,206.939,-46.274,160.665,False,False
247.0,141.867,0.04,Rick,0.0,206.939,-59.484,147.455,False,False
248.0,142.759,0.06,Rick,0.0,206.939,-90.388,116.551,False,False
249.0,144.624,0.03,Rick,0.0,206.939,-160.108,46.831,False,False
250.0,147.311,0.08,Rick,0.0,206.939,-272.784,-65.845,False,False
251.0,149.124,0.06,Rick,0.0,206.939,-356.965,-150.026,False,False
252.0,150.314,0.05,Rick,0.0,206.939,-415.798,-208.859,False,False
253.0,151.089,0.02,Rick,0.0,206.939,-455.62,-248.681,False,False
254.0,151.614,0.01,Rick,0.0,206.939,-483.281,-276.342,False,False
255.0,152.021,0.01,Rick,0.0,206.939,-505.111,-298.172,False,False
256.0,152.422,0.01,Rick,0.0,206.939,-526.947,-320.008,False,False
257.0,152.923,0.0,Rick,0.0,206.939,-554.682,-347.743,False,False
258.0,153.635,0.03,Rick,0.0,206.939,-594.97,-388.031,False,False
259.0,154.677,0.08,Rick,0.0,206.939,-655.701,-448.762,False,False
260.0,156.149,0.01,Rick,0.0,206.939,-745.279,-538.34,False,False
261.0,158.124,0.08,Rick,0.0,206.939,-872.212,-665.273,False,False
262.0,160.676,0.08,Rick,0.0,206.939,-1047.769,-840.83,False,False
263.0,163.891,0.08,Rick,0.0,206.939,-1287.513,-1080.574,False,False
264.0,167.847,0.06,Rick,0.0,206.939,-1610.834,-1403.895,False,False
265.0,172.51,0.08,Rick,0.0,206.939,-2032.192,-1825.253,False,False
266.0,177.678,0.07,Rick,0.0,206.939,-2549.941,-2343.002,False,False
267.0,183.112,0.06,Rick,0.0,206.939,-3152.043,-2945.104,False,False
268.0,188.58,0.02,Rick,0.0,206.939,-3817.357,-3610.418,False,False
269.0,193.866,0.05,Rick,0.0,206.939,-4517.521,-4310.582,False,False
270.0,198.868,0.06,Rick,0.0,206.939,-5231.413,-5024.474,False,False
271.0,203.642,0.03,Rick,0.0,206.939,-5959.584,-5752.645,False,False
272.0,208.285,0.01,Rick,0.0,206.939,-6711.373,-6504.434,False,False
273.0,212.892,0.04,Rick,0.0,206.939,-7500.075,-7293.136,False,False
274.0,217.535,0.04,Rick,0.0,206.939,-8337.721,-8130.782,False,False
275.0,222.119,0.05,Rick,0.0,206.939,-9207.094,-9000.155,False,False
276.0,226.304,0.01,Rick,0.0,206.939,-10037.555,-9830.616,False,False
277.0,229.697,0.06,Rick,0.0,206.939,-10736.369,-10529.43,False,False
278.0,231.902,0.07,Rick,0.0,206.939,-11203.09,-10996.151,False,False
279.0,232.581,0.05,Rick,0.0,206.939,-11348.769,-11141.83,False,False
280.0,231.713,0.01,Rick,0.0,206.939,-11162.658,-10955.719,False,False
281.0,229.753,0.04,Rick,0.0,206.939,-10748.246,-10541.307,False,False
282.0,227.266,0.04,Rick,0.0,206.939,-10233.234,-10026.295,False,False
283.0,224.814,0.01,Rick,0.0,206.939,-9737.798,-9530.859,False,False
284.0,222.92,0.08,Rick,0.0,206.939,-9363.399,-9156.46,False,False
285.0,221.85,0.01,Rick,0.0,206.939,-9154.886,-8947.947,False,False
286.0,221.48,0.06,Rick,0.0,206.939,-9083.4,-8876.461,False,False
287.0,221.605,0.05,Rick,0.0,206.939,-9107.459,-8900.52,False,False
288.0,222.019,0.07,Rick,0.0,206.939,-9187.717,-8980.778,False,False
289.0,222.535,0.08,Rick,0.0,206.939,-9288.014,-9081.075,False,False
290.0,223.048,0.08,Rick,0.0,206.939,-9388.406,-9181.466,False,False
291.0,223.581,0.07,Rick,0.0,206.939,-9493.303,-9286.363,False,False
292.0,224.179,0.03,Rick,0.0,206.939,-9611.471,-9404.531,False,False
293.0,224.874,0.08,Rick,0.0,206.939,-9749.883,-9542.944,False,False
294.0,225.69,0.06,Rick,0.0,206.939,-9913.558,-9706.619,False,False
295.0,226.641,0.0,Rick,0.0,206.939,-10105.828,-9898.889,False,False
296.0,227.732,0.03,Rick,0.0,206.939,-10328.874,-10121.935,False,False
297.0,228.968,0.01,Rick,0.0,206.939,-10584.334,-10377.395,False,False
298.0,230.351,0.03,Rick,0.0,206.939,-10873.875,-10666.936,False,False
299.0,233.366,0.07,Rick,0.0,206.939,-11518.216,-11311.277,False,False
300.0,238.632,0.02,Rick,0.0,206.939,-12687.249,-12480.31,False,False
301.0,241.614,0.04,Rick,0.0,206.939,-13373.828,-13166.889,False,False
302.0,242.776,0.06,Rick,0.0,206.939,-13646.085,-13439.146,False,False
303.0,242.584,0.08,Rick,0.0,206.939,-13601.037,-13394.098,False,False
304.0,241.511,0.08,Rick,0.0,206.939,-13349.751,-13142.812,False,False
305.0,240.029,0.05,Rick,0.0,206.939,-13006.741,-12799.802,False,False
306.0,238.617,0.03,Rick,0.0,206.939,-12683.715,-12476.776,False,False
307.0,237.751,0.0,Rick,0.0,206.939,-12487.835,-12280.896,False,False
308.0,237.914,0.01,Rick,0.0,206.939,-12524.577,-12317.638,False,False
309.0,239.518,0.06,Rick,0.0,206.939,-12889.454,-12682.514,False,False
310.0,242.565,0.01,Rick,0.0,206.939,-13596.619,-13389.68,False,False
311.0,246.437,0.01,Rick,0.0,206.939,-14521.952,-14315.012,False,False
312.0,250.378,0.06,Rick,0.0,206.939,-15494.756,-15287.817,False,False
313.0,253.636,0.0,Rick,0.0,206.939,-16322.161,-16115.222,False,False
314.0,255.525,0.0,Rick,0.0,206.939,-16811.866,-16604.927,False,False
315.0,255.781,0.03,Rick,0.0,206.939,-16878.688,-16671.749,False,False
316.0,254.763,0.08,Rick,0.0,206.939,-16613.365,-16406.426,False,False
317.0,252.969,0.04,Rick,0.0,206.939,-16151.161,-15944.222,False,False
318.0,250.9,0.01,Rick,0.0,206.939,-15625.859,-15418.92,False,False
319.0,249.002,0.03,Rick,0.0,206.939,-15151.4,-14944.461,False,False
320.0,247.404,0.04,Rick,0.0,206.939,-14757.822,-14550.883,False,False
321.0,245.766,0.04,Rick,0.0,206.939,-14359.321,-14152.382,False,False
322.0,243.637,0.01,Rick,0.0,206.939,-13849.74,-13642.801,False,False
323.0,240.57,0.03,Rick,0.0,206.939,-13131.424,-12924.485,False,False
324.0,236.177,0.07,Rick,0.0,206.939,-12135.382,-11928.443,False,False
325.0,230.443,0.03,Rick,0.0,206.939,-10893.187,-10686.248,False,False
326.0,223.908,0.07,Rick,0.0,206.939,-9557.871,-9350.932,False,False
327.0,217.239,0.05,Rick,0.0,206.939,-8283.122,-8076.183,False,False
328.0,211.101,0.07,Rick,0.0,206.939,-7188.411,-6981.471,False,False
329.0,206.096,0.05,Rick,0.0,206.939,-6351.633,-6144.694,False,False
330.0,202.458,0.02,Rick,0.0,206.939,-5774.771,-5567.832,False,False
331.0,199.864,0.08,Rick,0.0,206.939,-5379.668,-5172.729,False,False
332.0,197.869,0.07,Rick,0.0,206.939,-5084.908,-4877.969,False,False
333.0,196.026,0.06,Rick,0.0,206.939,-4819.742,-4612.803,False,False
334.0,193.925,0.04,Rick,0.0,206.939,-4525.698,-4318.759,False,False
335.0,191.37,0.0,Rick,0.0,206.939,-4179.996,-3973.057,False,False
336.0,188.488,0.04,Rick,0.0,206.939,-3805.671,-3598.732,False,False
337.0,185.476,0.08,Rick,0.0,206.939,-3432.321,-3225.382,False,False
338.0,182.533,0.06,Rick,0.0,206.939,-3085.039,-2878.1,False,False
339.0,179.838,0.07,Rick,0.0,206.939,-2782.229,-2575.289,False,False
340.0,177.457,0.0,Rick,0.0,206.939,-2526.77,-2319.831,False,False
341.0,175.286,0.06,Rick,0.0,206.939,-2303.66,-2096.721,False,False
342.0,173.181,0.07,Rick,0.0,206.939,-2096.423,-1889.484,False,False
343.0,171.001,0.06,Rick,0.0,206.939,-1891.08,-1684.141,False,False
344.0,168.602,0.06,Rick,0.0,206.939,-1676.163,-1469.224,False,False
345.0,165.843,0.03,Rick,0.0,206.939,-1443.135,-1236.196,False,False
346.0,162.579,0.06,Rick,0.0,206.939,-1187.213,-980.274,False,False
347.0,158.669,0.0,Rick,0.0,206.939,-908.616,-701.677,False,False
348.0,153.969,0.05,Rick,0.0,206.939,-614.209,-407.27,False,False
349.0,150.08,0.03,Rick,0.0,206.939,-403.987,-197.048,False,False
350.0,148.811,0.01,Rick,0.0,206.939,-341.947,-135.008,False,False
351.0,147.031,0.05,Rick,0.0,206.939,-260.356,-53.417,False,False
352.0,144.838,0.04,Rick,0.0,206.939,-168.54,38.399,False,False
353.0,142.33,0.07,Rick,0.0,206.939,-75.316,131.623,False,False
354.0,139.604,0.08,Rick,0.0,206.939,11.72,218.66,False,False
355.0,136.759,0.01,Rick,0.0,206.939,86.722,293.661,False,False
356.0,133.893,0.01,Rick,0.0,206.939,145.921,352.86,False,False
357.0,131.102,0.06,Rick,0.0,206.939,187.763,394.702,False,False
358.0,128.485,0.08,Rick,0.0,206.939,212.852,419.792,False,False
359.0,126.125,0.01,Rick,0.0,206.939,223.734,430.673,False,False
360.0,124.018,0.0,Rick,0.0,206.939,224.035,430.974,False,False
361.0,122.029,0.06,Rick,0.0,206.939,216.174,423.113,False,False
362.0,119.997,0.03,Rick,0.0,206.939,199.966,406.905,False,False
363.0,117.757,0.07,Morty,0.0,172.541,199.966,372.507,False,False
364.0,115.177,0.02,Morty,0.0,128.516,199.966,328.482,False,False
365.0,112.301,0.04,Morty,0.0,63.723,199.966,263.689,False,False
366.0,109.435,0.02,Morty,0.0,-17.274,199.966,182.692,False,False
367.0,106.947,0.03,Morty,0.0,-100.894,199.966,99.072,False,False
368.0,105.205,0.01,Morty,0.0,-166.825,199.966,33.141,False,False
369.0,104.532,0.06,Morty,0.0,-193.949,199.966,6.017,False,False
370.0,104.985,0.0,Morty,0.0,-175.59,199.966,24.376,False,False
371.0,106.228,0.03,Morty,0.0,-127.37,199.966,72.596,False,False
372.0,107.836,0.04,Morty,0.0,-69.606,199.966,130.36,False,False
373.0,109.382,0.04,Morty,0.0,-18.921,199.966,181.045,False,False
374.0,110.471,0.06,Morty,0.0,13.91,199.966,213.876,False,False
375.0,110.886,0.04,Morty,0.0,25.784,199.966,225.75,False,False
376.0,110.676,0.03,Morty,0.0,19.821,199.966,219.787,False,False
377.0,109.952,0.07,Morty,0.0,-1.456,199.966,198.51,False,False
378.0,108.822,0.05,Morty,0.0,-36.732,199.966,163.234,False,False
379.0,107.401,0.07,Morty,0.0,-84.708,199.966,115.258,False,False
380.0,105.836,0.04,Morty,0.0,-142.252,199.966,57.714,False,False
381.0,104.319,0.05,Morty,0.0,-202.707,199.966,-2.741,False,False
382.0,103.053,0.03,Morty,0.0,-256.674,199.966,-56.708,False,False
383.0,102.241,0.04,Morty,0.0,-292.958,199.966,-92.992,False,False
384.0,102.053,0.0,Morty,0.0,-301.582,199.966,-101.616,False,False
385.0,102.449,0.0,Morty,0.0,-283.563,199.966,-83.597,False,False
386.0,103.081,0.04,Morty,0.0,-255.444,199.966,-55.478,False,False
387.0,103.532,0.06,Morty,0.0,-235.862,199.966,-35.896,False,False
388.0,103.386,0.03,Morty,0.0,-242.183,199.966,-42.217,False,False
389.0,102.264,0.07,Morty,0.0,-291.917,199.966,-91.951,False,False
390.0,100.033,0.07,Morty,0.0,-398.337,199.966,-198.371,False,False
391.0,96.921,0.05,Morty,0.0,-563.45,199.966,-363.484,False,False
392.0,93.235,0.01,Morty,0.0,-784.044,199.966,-584.078,False,False
393.0,89.283,0.0,Morty,0.0,-1050.689,199.966,-850.724,False,False
394.0,85.375,0.0,Jerry,-1345.164,-1050.689,199.966,-2195.887,False,False
395.0,81.817,0.0,Jerry,-1639.757,-1050.689,199.966,-2490.48,False,False
396.0,78.919,0.0,Jerry,-1898.476,-1050.689,199.966,-2749.2,False,False
397.0,76.988,0.0,Jerry,-2080.151,-1050.689,199.966,-2930.875,False,False
398.0,76.333,0.0,Jerry,-2143.442,-1050.689,199.966,-2994.165,False,False
399.0,78.117,0.0,Jerry,-1973.001,-1050.689,199.966,-2823.725,False,False
400.0,82.118,0.0,Jerry,-1613.895,-1050.689,199.966,-2464.618,False,False
401.0,84.175,0.0,Jerry,-1441.678,-1050.689,199.966,-2292.401,False,False
402.0,84.618,0.0,Jerry,-1405.741,-1050.689,199.966,-2256.464,False,False
403.0,83.774,0.0,Jerry,-1474.609,-1050.689,199.966,-2325.333,False,False
404.0,81.972,0.0,Jerry,-1626.422,-1050.689,199.966,-2477.146,False,False
405.0,79.541,0.0,Jerry,-1841.562,-1050.689,199.966,-2692.285,False,False
406.0,76.808,0.0,Jerry,-2097.437,-1050.689,199.966,-2948.16,False,False
407.0,74.104,0.0,Jerry,-2365.433,-1050.689,199.966,-3216.157,False,False
408.0,71.755,0.0,Jerry,-2610.015,-1050.689,199.966,-3460.738,False,False
409.0,70.063,0.0,Jerry,-2793.036,-1050.689,199.966,-3643.76,False,False
410.0,69.162,0.0,Jerry,-2892.839,-1050.689,199.966,-3743.563,False,False
411.0,68.936,0.0,Jerry,-2918.125,-1050.689,199.966,-3768.848,False,False
412.0,69.214,0.0,Jerry,-2887.072,-1050.689,199.966,-3737.796,False,False
413.0,69.824,0.0,Jerry,-2819.415,-1050.689,199.966,-3670.139,False,False
414.0,70.607,0.0,Jerry,-2733.609,-1050.689,199.966,-3584.333,False,False
415.0,71.482,0.0,Jerry,-2639.227,-1050.689,199.966,-3489.951,False,False
416.0,72.481,0.0,Jerry,-2533.24,-1050.689,199.966,-3383.963,False,False
417.0,73.664,0.0,Jerry,-2410.336,-1050.689,199.966,-3261.06,False,False
418.0,75.091,0.0,Jerry,-2265.937,-1050.689,199.966,-3116.661,False,False
419.0,76.805,0.0,Jerry,-2097.719,-1050.689,199.966,-2948.442,False,False
420.0,78.775,0.0,Jerry,-1911.765,-1050.689,199.966,-2762.489,False,False
421.0,80.846,0.0,Jerry,-1724.55,-1050.689,199.966,-2575.273,False,False
422.0,82.842,0.0,Jerry,-1552.275,-1050.689,199.966,-2402.999,False,False
423.0,84.594,0.0,Jerry,-1407.653,-1050.689,199.966,-2258.377,False,False
424.0,85.966,0.0,Jerry,-1298.636,-1050.689,199.966,-2149.359,False,False
425.0,86.937,0.0,Jerry,-1223.765,-1050.689,199.966,-2074.488,False,False
426.0,87.642,0.0,Jerry,-1170.654,-1050.689,199.966,-2021.377,False,False
427.0,88.258,0.0,Jerry,-1124.967,-1050.689,199.966,-1975.69,False,False
428.0,88.975,0.0,Jerry,-1072.806,-1050.689,199.966,-1923.529,False,False
429.0,89.988,0.0,Jerry,-1000.854,-1050.689,199.966,-1851.577,False,False
430.0,91.529,0.0,Jerry,-895.281,-1050.689,199.966,-1746.004,False,False
431.0,93.882,0.0,Morty,-895.281,-743.315,199.966,-1438.63,False,False
432.0,97.309,0.01,Morty,-895.281,-541.788,199.966,-1237.103,False,False
433.0,102.035,0.07,Morty,-895.281,-302.399,199.966,-997.714,False,False
434.0,108.203,0.02,Morty,-895.281,-57.126,199.966,-752.441,False,False
435.0,115.643,0.01,Morty,-895.281,137.439,199.966,-557.876,False,False
436.0,123.729,0.04,Morty,-895.281,223.385,199.966,-471.93,False,False
437.0,131.743,0.02,Rick,-895.281,223.385,179.528,-492.367,False,False
438.0,138.973,0.02,Rick,-895.281,223.385,29.744,-642.151,False,False
439.0,144.785,0.07,Rick,-895.281,223.385,-166.428,-838.324,False,False
440.0,148.941,0.01,Rick,-895.281,223.385,-348.183,-1020.079,False,False
441.0,151.8,0.03,Rick,-895.281,223.385,-493.253,-1165.149,False,False
442.0,153.858,0.04,Rick,-895.281,223.385,-607.768,-1279.664,False,False
443.0,155.619,0.06,Rick,-895.281,223.385,-712.512,-1384.407,False,False
444.0,157.596,0.07,Rick,-895.281,223.385,-837.492,-1509.388,False,False
445.0,160.307,0.04,Rick,-895.281,223.385,-1021.598,-1693.493,False,False
446.0,164.275,0.05,Rick,-895.281,223.385,-1317.563,-1989.459,False,False
447.0,170.027,0.04,Rick,-895.281,223.385,-1802.43,-2474.326,False,False
448.0,178.091,0.01,Rick,-895.281,223.385,-2593.615,-3265.511,False,False
449.0,185.944,0.02,Rick,-895.281,223.385,-3489.162,-4161.057,False,False
450.0,189.622,0.07,Rick,-895.281,223.385,-3951.055,-4622.951,False,False
451.0,192.728,0.01,Rick,-895.281,223.385,-4362.053,-5033.949,False,False
452.0,195.34,0.03,Rick,-895.281,223.385,-4722.654,-5394.549,False,False
453.0,197.538,0.07,Rick,-895.281,223.385,-5036.79,-5708.686,False,False
454.0,199.405,0.03,Rick,-895.281,223.385,-5311.071,-5982.967,False,False
455.0,201.021,0.04,Rick,-895.281,223.385,-5554.15,-6226.046,False,False
456.0,202.468,0.05,Rick,-895.281,223.385,-5776.313,-6448.208,False,False
457.0,203.83,0.0,Rick,-895.281,223.385,-5989.169,-6661.065,False,False
458.0,205.19,0.07,Rick,-895.281,223.385,-6205.439,-6877.334,False,False
459.0,206.624,0.02,Rick,-895.281,223.385,-6437.427,-7109.323,False,False
460.0,208.154,0.07,Rick,-895.281,223.385,-6689.552,-7361.448,False,False
461.0,209.724,0.01,Rick,-895.281,223.385,-6953.084,-7624.98,False,False
462.0,211.259,0.04,Rick,-895.281,223.385,-7215.693,-7887.588,False,False
463.0,212.689,0.04,Rick,-895.281,223.385,-7464.347,-8136.243,False,False
464.0,213.956,0.01,Rick,-895.281,223.385,-7688.115,-8360.01,False,False
465.0,215.094,0.08,Rick,-895.281,223.385,-7891.932,-8563.827,False,False
466.0,216.273,0.05,Rick,-895.281,223.385,-8105.841,-8777.737,False,False
467.0,217.695,0.08,Rick,-895.281,223.385,-8367.389,-9039.284,False,False
468.0,219.562,0.06,Rick,-895.281,223.385,-8716.947,-9388.842,False,False
469.0,222.037,0.07,Rick,-895.281,223.385,-9191.089,-9862.985,False,False
470.0,225.039,0.01,Rick,-895.281,223.385,-9782.759,-10454.655,False,False
471.0,228.121,0.04,Rick,-895.281,223.385,-10409.01,-11080.905,False,False
472.0,230.749,0.02,Rick,-895.281,223.385,-10957.817,-11629.712,False,False
473.0,232.377,0.08,Rick,-895.281,223.385,-11304.846,-11976.741,False,False
474.0,232.522,0.06,Rick,-895.281,223.385,-11336.086,-12007.982,False,False
475.0,231.107,0.07,Rick,-895.281,223.385,-11033.745,-11705.64,False,False
476.0,228.668,0.0,Rick,-895.281,223.385,-10522.092,-11193.988,False,False
477.0,225.878,0.01,Rick,-895.281,223.385,-9951.407,-10623.303,False,False
478.0,223.411,0.04,Rick,-895.281,223.385,-9459.643,-10131.538,False,False
479.0,221.885,0.04,Rick,-895.281,223.385,-9161.625,-9833.52,False,False
480.0,221.586,0.03,Rick,-895.281,223.385,-9103.792,-9775.688,False,False
481.0,222.298,0.05,Rick,-895.281,223.385,-9241.828,-9913.724,False,False
482.0,223.695,0.03,Rick,-895.281,223.385,-9515.776,-10187.672,False,False
483.0,225.457,0.01,Rick,-895.281,223.385,-9866.608,-10538.504,False,False
484.0,227.27,0.05,Rick,-895.281,223.385,-10234.207,-10906.102,False,False
485.0,228.866,0.07,Rick,-895.281,223.385,-10563.185,-11235.081,False,False
486.0,230.039,0.06,Rick,-895.281,223.385,-10808.211,-11480.106,False,False
487.0,230.599,0.04,Rick,-895.281,223.385,-10926.103,-11597.999,False,False
488.0,230.357,0.08,Rick,-895.281,223.385,-10875.016,-11546.912,False,False
489.0,229.155,0.05,Rick,-895.281,223.385,-10623.282,-11295.178,False,False
490.0,227.018,0.06,Rick,-895.281,223.385,-10182.591,-10854.487,False,False
491.0,224.238,0.07,Rick,-895.281,223.385,-9623.22,-10295.116,False,False
492.0,221.171,0.03,Rick,-895.281,223.385,-9023.934,-9695.829,False,False
493.0,218.172,0.06,Rick,-895.281,223.385,-8456.009,-9127.905,False,False
494.0,215.595,0.01,Rick,-895.281,223.385,-7982.434,-8654.33,False,False
495.0,213.795,0.02,Rick,-895.281,223.385,-7659.633,-8331.529,False,False
496.0,213.129,0.02,Rick,-895.281,223.385,-7541.729,-8213.625,False,False
497.0,213.951,0.04,Rick,-895.281,223.385,-7687.338,-8359.234,False,False
498.0,216.618,0.05,Rick,-895.281,223.385,-8168.908,-8840.804,False,False
499.0,218.306,0.07,Rick,-895.281,223.385,-8481.075,-9152.971,False,False
500.0,215.853,0.06,Rick,-895.281,223.385,-8029.219,-8701.115,False,False
501.0,215.034,0.01,Rick,-895.281,223.385,-7881.123,-8553.019,False,False
502.0,215.425,0.03,Rick,-895.281,223.385,-7951.631,-8623.527,False,False
503.0,216.599,0.0,Rick,-895.281,223.385,-8165.405,-8837.3,False,False
504.0,218.131,0.06,Rick,-895.281,223.385,-8448.448,-9120.344,False,False
505.0,219.595,0.03,Rick,-895.281,223.385,-8723.262,-9395.157,False,False
506.0,220.565,0.03,Rick,-895.281,223.385,-8907.613,-9579.509,False,False
507.0,220.613,0.02,Rick,-895.281,223.385,-8916.93,-9588.825,False,False
508.0,219.315,0.07,Rick,-895.281,223.385,-8670.317,-9342.213,False,False
509.0,216.313,0.02,Rick,-895.281,223.385,-8113.094,-8784.99,False,False
510.0,211.674,0.08,Rick,-895.281,223.385,-7287.446,-7959.342,False,False
511.0,206.099,0.02,Rick,-895.281,223.385,-6352.005,-7023.901,False,False
512.0,200.427,0.08,Rick,-895.281,223.385,-5464.174,-6136.07,False,False
513.0,195.498,0.05,Rick,-895.281,223.385,-4744.961,-5416.857,False,False
514.0,192.075,0.04,Rick,-895.281,223.385,-4274.012,-4945.908,False,False
515.0,190.452,0.07,Rick,-895.281,223.385,-4058.902,-4730.798,False,False
516.0,190.223,0.08,Rick,-895.281,223.385,-4028.982,-4700.878,False,False
517.0,190.826,0.02,Rick,-895.281,223.385,-4108.042,-4779.937,False,False
518.0,191.699,0.05,Rick,-895.281,223.385,-4223.763,-4895.659,False,False
519.0,192.309,0.07,Rick,-895.281,223.385,-4305.484,-4977.38,False,False
520.0,192.298,0.04,Rick,-895.281,223.385,-4304.026,-4975.922,False,False
521.0,191.574,0.03,Rick,-895.281,223.385,-4207.046,-4878.941,False,False
522.0,190.101,0.02,Rick,-895.281,223.385,-4013.167,-4685.062,False,False
523.0,187.846,0.06,Rick,-895.281,223.385,-3724.658,-4396.553,False,False
524.0,184.799,0.08,Rick,-895.281,223.385,-3350.906,-4022.802,False,False
525.0,181.096,0.06,Rick,-895.281,223.385,-2921.782,-3593.677,False,False
526.0,177.096,0.05,Rick,-895.281,223.385,-2489.029,-3160.925,False,False
527.0,173.206,0.04,Rick,-895.281,223.385,-2098.862,-2770.758,False,False
528.0,169.833,0.0,Rick,-895.281,223.385,-1785.036,-2456.932,False,False
529.0,167.337,0.04,Rick,-895.281,223.385,-1567.45,-2239.346,False,False
530.0,165.798,0.05,Rick,-895.281,223.385,-1439.491,-2111.386,False,False
531.0,164.876,0.07,Rick,-895.281,223.385,-1365.092,-2036.987,False,False
532.0,164.137,0.01,Rick,-895.281,223.385,-1306.738,-1978.634,False,False
533.0,163.149,0.05,Rick,-895.281,223.385,-1230.374,-1902.269,False,False
534.0,161.52,0.07,Rick,-895.281,223.385,-1108.745,-1780.64,False,False
535.0,159.111,0.08,Rick,-895.281,223.385,-938.582,-1610.478,False,False
536.0,156.16,0.06,Rick,-895.281,223.385,-745.962,-1417.858,False,False
537.0,152.989,0.01,Rick,-895.281,223.385,-558.411,-1230.307,False,False
538.0,149.921,0.0,Rick,-895.281,223.385,-396.052,-1067.948,False,False
539.0,147.259,0.03,Rick,-895.281,223.385,-270.449,-942.344,False,False
540.0,145.201,0.0,Rick,-895.281,223.385,-183.073,-854.969,False,False
541.0,143.787,0.06,Rick,-895.281,223.385,-127.934,-799.83,False,False
542.0,143.02,0.07,Rick,-895.281,223.385,-99.713,-771.609,False,False
543.0,142.905,0.02,Rick,-895.281,223.385,-95.579,-767.475,False,False
544.0,143.446,0.0,Rick,-895.281,223.385,-115.237,-787.132,False,False
545.0,144.646,0.02,Rick,-895.281,223.385,-160.975,-832.871,False,False
546.0,146.511,0.07,Rick,-895.281,223.385,-237.724,-909.619,False,False
547.0,149.044,0.05,Rick,-895.281,223.385,-353.107,-1025.003,False,False
548.0,152.249,0.07,Rick,-895.281,223.385,-517.499,-1189.395,False,False
549.0,163.197,0.05,Rick,-895.281,223.385,-1233.997,-1905.893,False,False
550.0,184.986,0.04,Rick,-895.281,223.385,-3373.379,-4045.275,False,False
551.0,196.134,0.01,Rick,-895.281,223.385,-4835.052,-5506.948,False,False
552.0,198.414,0.01,Rick,-895.281,223.385,-5164.686,-5836.582,False,False
553.0,193.603,0.07,Rick,-895.281,223.385,-4481.319,-5153.215,False,False
554.0,183.473,0.05,Rick,-895.281,223.385,-3194.117,-3866.013,False,False
555.0,169.801,0.03,Rick,-895.281,223.385,-1782.134,-2454.029,False,False
556.0,154.361,0.0,Rick,-895.281,223.385,-637.058,-1308.954,False,False
557.0,138.927,0.07,Rick,-895.281,223.385,31.032,-640.864,False,False
558.0,125.275,0.03,Rick,-895.281,223.385,224.924,-446.971,False,False
559.0,115.01,0.08,Rick,-895.281,223.385,125.205,-546.69,False,False
560.0,108.73,0.01,Morty,-895.281,-39.711,125.205,-809.786,False,False
561.0,105.517,0.06,Morty,-895.281,-154.599,125.205,-924.674,False,False
562.0,104.116,0.02,Morty,-895.281,-211.142,125.205,-981.217,False,False
563.0,103.274,0.07,Morty,-895.281,-247.036,125.205,-1017.111,False,False
564.0,101.834,0.04,Morty,-895.281,-311.654,125.205,-1081.73,False,False
565.0,99.236,0.07,Morty,-895.281,-438.798,125.205,-1208.873,False,False
566.0,95.806,0.05,Morty,-895.281,-627.266,125.205,-1397.341,False,False
567.0,92.072,0.07,Morty,-895.281,-859.242,125.205,-1629.318,False,False
568.0,88.559,0.0,Morty,-895.281,-1102.956,125.205,-1873.032,False,False
569.0,85.75,0.02,Jerry,-1315.541,-1102.956,125.205,-2293.292,False,False
570.0,83.878,0.0,Jerry,-1466.022,-1102.956,125.205,-2443.773,False,False
571.0,82.795,0.0,Jerry,-1556.229,-1102.956,125.205,-2533.979,False,False
572.0,82.272,0.0,Jerry,-1600.674,-1102.956,125.205,-2578.425,False,False
573.0,82.078,0.0,Jerry,-1617.317,-1102.956,125.205,-2595.068,False,False
574.0,82.008,0.0,Jerry,-1623.341,-1102.956,125.205,-2601.092,False,False
575.0,82.009,0.0,Jerry,-1623.267,-1102.956,125.205,-2601.018,False,False
576.0,82.254,0.0,Jerry,-1602.185,-1102.956,125.205,-2579.936,False,False
577.0,82.97,0.0,Jerry,-1541.519,-1102.956,125.205,-2519.27,False,False
578.0,84.38,0.0,Jerry,-1424.967,-1102.956,125.205,-2402.718,False,False
579.0,86.661,0.0,Jerry,-1244.893,-1102.956,125.205,-2222.644,False,False
580.0,89.693,0.0,Jerry,-1021.595,-1102.956,125.205,-1999.346,False,False
581.0,92.915,0.0,Jerry,-804.449,-1102.956,125.205,-1782.2,False,False
582.0,95.668,0.0,Morty,-804.449,-635.389,125.205,-1314.633,False,False
583.0,97.291,0.01,Morty,-804.449,-542.78,125.205,-1222.024,False,False
584.0,97.204,0.0,Morty,-804.449,-547.613,125.205,-1226.857,False,False
585.0,95.293,0.02,Morty,-804.449,-657.492,125.205,-1336.736,False,False
586.0,92.148,0.04,Morty,-804.449,-854.242,125.205,-1533.486,False,False
587.0,88.514,0.06,Morty,-804.449,-1106.192,125.205,-1785.436,False,False
588.0,85.138,0.03,Jerry,-1364.007,-1106.192,125.205,-2344.994,False,False
589.0,82.702,0.0,Jerry,-1564.148,-1106.192,125.205,-2545.135,False,False
590.0,81.523,0.0,Jerry,-1665.262,-1106.192,125.205,-2646.249,False,False
591.0,81.366,0.0,Jerry,-1678.93,-1106.192,125.205,-2659.917,False,False
592.0,81.873,0.0,Jerry,-1634.931,-1106.192,125.205,-2615.918,False,False
593.0,82.686,0.0,Jerry,-1565.449,-1106.192,125.205,-2546.436,False,False
594.0,83.448,0.0,Jerry,-1501.601,-1106.192,125.205,-2482.588,False,False
595.0,83.799,0.0,Jerry,-1472.515,-1106.192,125.205,-2453.502,False,False
596.0,83.383,0.0,Jerry,-1506.99,-1106.192,125.205,-2487.977,False,False
597.0,81.841,0.0,Jerry,-1637.701,-1106.192,125.205,-2618.688,False,False
598.0,78.816,0.0,Jerry,-1907.98,-1106.192,125.205,-2888.967,False,False
599.0,75.928,0.0,Jerry,-2183.029,-1106.192,125.205,-3164.016,False,False
600.0,75.673,0.0,Jerry,-2208.137,-1106.192,125.205,-3189.124,False,False
601.0,75.603,0.0,Jerry,-2215.099,-1106.192,125.205,-3196.086,False,False
602.0,75.721,0.0,Jerry,-2203.441,-1106.192,125.205,-3184.427,False,False
603.0,76.032,0.0,Jerry,-2172.902,-1106.192,125.205,-3153.889,False,False
604.0,76.539,0.0,Jerry,-2123.45,-1106.192,125.205,-3104.437,False,False
605.0,77.248,0.0,Jerry,-2055.297,-1106.192,125.205,-3036.284,False,False
606.0,78.161,0.0,Jerry,-1968.916,-1106.192,125.205,-2949.903,False,False
607.0,79.283,0.0,Jerry,-1865.059,-1106.192,125.205,-2846.046,False,False
608.0,80.618,0.0,Jerry,-1744.772,-1106.192,125.205,-2725.759,False,False
609.0,82.159,0.0,Jerry,-1610.316,-1106.192,125.205,-2591.303,False,False
610.0,83.838,0.0,Jerry,-1469.331,-1106.192,125.205,-2450.318,False,False
611.0,85.488,0.0,Jerry,-1336.164,-1106.192,125.205,-2317.151,False,False
612.0,86.926,0.0,Jerry,-1224.635,-1106.192,125.205,-2205.622,False,False
613.0,87.965,0.0,Jerry,-1146.612,-1106.192,125.205,-2127.599,False,False
614.0,88.446,0.0,Jerry,-1111.198,-1106.192,125.205,-2092.185,False,False
615.0,88.371,0.0,Jerry,-1116.684,-1106.192,125.205,-2097.671,False,False
616.0,87.981,0.0,Jerry,-1145.37,-1106.192,125.205,-2126.356,False,False
617.0,87.573,0.0,Jerry,-1175.816,-1106.192,125.205,-2156.803,False,False
618.0,87.439,0.0,Jerry,-1185.82,-1106.192,125.205,-2166.807,False,False
619.0,87.848,0.0,Jerry,-1155.308,-1106.192,125.205,-2136.295,False,False
620.0,88.891,0.0,Jerry,-1078.859,-1106.192,125.205,-2059.846,False,False
621.0,90.404,0.0,Jerry,-971.911,-1106.192,125.205,-1952.898,False,False
622.0,92.162,0.0,Morty,-971.911,-853.361,125.205,-1700.067,False,False
623.0,93.941,0.02,Morty,-971.911,-739.641,125.205,-1586.347,False,False
624.0,95.543,0.04,Morty,-971.911,-642.726,125.205,-1489.432,False,False
625.0,96.908,0.01,Morty,-971.911,-564.149,125.205,-1410.855,False,False
626.0,98.193,0.03,Morty,-971.911,-493.622,125.205,-1340.328,False,False
627.0,99.599,0.03,Morty,-971.911,-420.187,125.205,-1266.894,False,False
628.0,101.33,0.03,Morty,-971.911,-335.246,125.205,-1181.953,False,False
629.0,103.545,0.02,Morty,-971.911,-235.327,125.205,-1082.034,False,False
630.0,106.14,0.07,Morty,-971.911,-130.701,125.205,-977.407,False,False
631.0,108.622,0.02,Morty,-971.911,-43.236,125.205,-889.942,False,False
632.0,110.41,0.01,Morty,-971.911,12.129,125.205,-834.577,False,False
633.0,110.922,0.01,Morty,-971.911,26.812,125.205,-819.895,False,False
634.0,109.659,0.01,Morty,-971.911,-10.332,125.205,-857.038,False,False
635.0,106.617,0.04,Morty,-971.911,-112.918,125.205,-959.625,False,False
636.0,102.533,0.01,Morty,-971.911,-279.762,125.205,-1126.468,False,False
637.0,98.308,0.07,Morty,-971.911,-487.443,125.205,-1334.15,False,False
638.0,94.845,0.04,Morty,-971.911,-684.306,125.205,-1531.012,False,False
639.0,92.965,0.06,Morty,-971.911,-801.254,125.205,-1647.96,False,False
640.0,93.001,0.03,Morty,-971.911,-798.932,125.205,-1645.638,False,False
641.0,94.558,0.07,Morty,-971.911,-701.716,125.205,-1548.422,False,False
642.0,97.077,0.03,Morty,-971.911,-554.682,125.205,-1401.388,False,False
643.0,100.0,0.06,Morty,-971.911,-399.99,125.205,-1246.696,False,False
644.0,102.768,0.06,Morty,-971.911,-269.245,125.205,-1115.951,False,False
645.0,104.823,0.02,Morty,-971.911,-182.11,125.205,-1028.816,False,False
646.0,105.605,0.02,Morty,-971.911,-151.148,125.205,-997.854,False,False
647.0,104.557,0.07,Morty,-971.911,-192.919,125.205,-1039.625,False,False
648.0,101.119,0.06,Morty,-971.911,-345.316,125.205,-1192.022,False,False
649.0,96.553,0.0,Morty,-971.911,-584.22,125.205,-1430.926,False,False
650.0,94.005,0.06,Morty,-971.911,-735.67,125.205,-1582.376,False,False
651.0,93.117,0.01,Morty,-971.911,-791.522,125.205,-1638.228,False,False
652.0,93.563,0.0,Morty,-971.911,-763.271,125.205,-1609.978,False,False
653.0,95.019,0.0,Morty,-971.911,-673.875,125.205,-1520.581,False,False
654.0,97.159,0.06,Morty,-971.911,-550.127,125.205,-1396.833,False,False
655.0,99.659,0.04,Morty,-971.911,-417.159,125.205,-1263.865,False,False
656.0,102.195,0.01,Morty,-971.911,-295.051,125.205,-1141.757,False,False
657.0,104.444,0.04,Morty,-971.911,-197.563,125.205,-1044.269,False,False
658.0,106.08,0.03,Morty,-971.911,-132.954,125.205,-979.66,False,False
659.0,106.824,0.0,Morty,-971.911,-105.351,125.205,-952.057,False,False
660.0,106.651,0.0,Morty,-971.911,-111.691,125.205,-958.397,False,False
661.0,105.918,0.0,Morty,-971.911,-139.124,125.205,-985.83,False,False
662.0,105.07,0.04,Morty,-971.911,-172.223,125.205,-1018.929,False,False
663.0,104.55,0.03,Morty,-971.911,-193.217,125.205,-1039.923,False,False
664.0,104.76,0.07,Morty,-971.911,-184.654,125.205,-1031.36,False,False
665.0,105.849,0.02,Morty,-971.911,-141.774,125.205,-988.48,False,False
666.0,107.582,0.07,Morty,-971.911,-78.391,125.205,-925.097,False,False
667.0,109.642,0.04,Morty,-971.911,-10.883,125.205,-857.589,False,False
668.0,111.709,0.02,Morty,-971.911,48.355,125.205,-798.352,False,False
669.0,113.491,0.0,Morty,-971.911,92.551,125.205,-754.155,False,False
670.0,114.845,0.03,Morty,-971.911,121.866,125.205,-724.84,False,False
671.0,115.85,0.01,Morty,-971.911,141.283,125.205,-705.423,False,False
672.0,116.64,0.01,Morty,-971.911,155.117,125.205,-691.589,False,False
673.0,117.347,0.03,Morty,-971.911,166.426,125.205,-680.28,False,False
674.0,118.089,0.02,Morty,-971.911,177.234,125.205,-669.472,False,False
675.0,118.914,0.04,Morty,-971.911,187.959,125.205,-658.748,False,False
676.0,119.76,0.03,Morty,-971.911,197.547,125.205,-649.159,False,False
677.0,120.543,0.04,Morty,-971.911,205.133,125.205,-641.573,False,False
678.0,121.175,0.01,Rick,-971.911,205.133,210.37,-556.409,False,False
679.0,121.574,0.06,Rick,-971.911,205.133,213.261,-553.517,False,False
680.0,121.67,0.0,Rick,-971.911,205.133,213.914,-552.864,False,False
681.0,121.418,0.0,Rick,-971.911,205.133,212.171,-554.607,False,False
682.0,120.776,0.01,Rick,-971.911,205.133,207.155,-559.623,False,False
683.0,119.701,0.02,Rick,-971.911,205.133,196.919,-569.859,False,False
684.0,118.161,0.06,Morty,-971.911,178.224,196.919,-596.769,False,False
685.0,116.174,0.0,Morty,-971.911,147.105,196.919,-627.888,False,False
686.0,113.838,0.01,Morty,-971.911,100.411,196.919,-674.581,False,False
687.0,111.266,0.03,Morty,-971.911,36.389,196.919,-738.604,False,False
688.0,108.573,0.05,Morty,-971.911,-44.836,196.919,-819.829,False,False
689.0,105.874,0.03,Morty,-971.911,-140.795,196.919,-915.787,False,False
690.0,103.293,0.0,Morty,-971.911,-246.174,196.919,-1021.166,False,False
691.0,100.968,0.07,Morty,-971.911,-352.522,196.919,-1127.515,False,False
692.0,99.039,0.05,Morty,-971.911,-448.978,196.919,-1223.971,False,False
693.0,97.645,0.03,Morty,-971.911,-523.277,196.919,-1298.269,False,False
694.0,96.928,0.07,Morty,-971.911,-563.062,196.919,-1338.055,False,False
695.0,97.025,0.07,Morty,-971.911,-557.585,196.919,-1332.577,False,False
696.0,98.078,0.06,Morty,-971.911,-499.788,196.919,-1274.78,False,False
697.0,100.225,0.05,Morty,-971.911,-388.779,196.919,-1163.772,False,False
698.0,103.606,0.04,Morty,-971.911,-232.688,196.919,-1007.681,False,False
699.0,106.875,0.07,Morty,-971.911,-103.51,196.919,-878.503,False,False
700.0,107.925,0.06,Morty,-971.911,-66.568,196.919,-841.561,False,False
701.0,108.328,0.03,Morty,-971.911,-52.962,196.919,-827.954,False,False
702.0,108.187,0.0,Morty,-971.911,-57.69,196.919,-832.683,False,False
703.0,107.603,0.01,Morty,-971.911,-77.66,196.919,-852.653,False,False
704.0,106.679,0.03,Morty,-971.911,-110.676,196.919,-885.669,False,False
705.0,105.516,0.02,Morty,-971.911,-154.64,196.919,-929.633,False,False
706.0,104.217,0.06,Morty,-971.911,-206.951,196.919,-981.944,False,False
707.0,102.884,0.02,Morty,-971.911,-264.123,196.919,-1039.115,False,False
708.0,101.62,0.07,Morty,-971.911,-321.604,196.919,-1096.597,False,False
709.0,100.524,0.02,Morty,-971.911,-374.077,196.919,-1149.069,False,False
710.0,99.661,0.03,Morty,-971.911,-417.077,196.919,-1192.069,False,False
711.0,99.05,0.02,Morty,-971.911,-448.407,196.919,-1223.399,False,False
712.0,98.7,0.07,Morty,-971.911,-466.69,196.919,-1241.683,False,False
713.0,98.62,0.06,Morty,-971.911,-470.923,196.919,-1245.916,False,False
714.0,98.819,0.0,Morty,-971.911,-460.451,196.919,-1235.443,False,False
715.0,99.316,0.02,Morty,-971.911,-434.672,196.919,-1209.665,False,False
716.0,100.141,0.01,Morty,-971.911,-392.963,196.919,-1167.955,False,False
717.0,101.328,0.07,Morty,-971.911,-335.377,196.919,-1110.37,False,False
718.0,102.909,0.0,Morty,-971.911,-263.02,196.919,-1038.013,False,False
719.0,104.918,0.04,Morty,-971.911,-178.297,196.919,-953.289,False,False
720.0,107.387,0.0,Morty,-971.911,-85.201,196.919,-860.194,False,False
721.0,110.351,0.07,Morty,-971.911,10.394,196.919,-764.598,False,False
722.0,113.84,0.05,Morty,-971.911,100.445,196.919,-674.548,False,False
723.0,117.887,0.04,Morty,-971.911,174.405,196.919,-600.587,False,False
724.0,122.484,0.01,Morty,-971.911,218.668,196.919,-556.324,False,False
725.0,127.37,0.07,Rick,-971.911,218.668,219.383,-533.861,False,False
726.0,131.911,0.03,Rick,-971.911,218.668,177.237,-576.006,False,False
727.0,135.388,0.05,Rick,-971.911,218.668,117.089,-636.154,False,False
728.0,137.082,0.06,Rick,-971.911,218.668,79.02,-674.223,False,False
729.0,136.367,0.08,Rick,-971.911,218.668,95.796,-657.448,False,False
730.0,133.166,0.06,Rick,-971.911,218.668,158.319,-594.924,False,False
731.0,128.23,0.06,Rick,-971.911,218.668,214.567,-538.676,False,False
732.0,122.494,0.04,Rick,-971.911,218.668,218.718,-534.525,False,False
733.0,116.891,0.04,Rick,-971.911,218.668,159.237,-594.006,False,False
734.0,112.286,0.01,Morty,-971.911,63.364,159.237,-749.311,False,False
735.0,109.136,0.07,Morty,-971.911,-26.675,159.237,-839.35,False,False
736.0,107.277,0.04,Morty,-971.911,-89.097,159.237,-901.772,False,False
737.0,106.413,0.03,Morty,-971.911,-120.49,159.237,-933.164,False,False
738.0,106.244,0.04,Morty,-971.911,-126.791,159.237,-939.466,False,False
739.0,106.484,0.05,Morty,-971.911,-117.84,159.237,-930.515,False,False
740.0,106.913,0.05,Morty,-971.911,-102.137,159.237,-914.812,False,False
741.0,107.411,0.02,Morty,-971.911,-84.365,159.237,-897.04,False,False
742.0,107.883,0.0,Morty,-971.911,-67.999,159.237,-880.674,False,False
743.0,108.241,0.0,Morty,-971.911,-55.87,159.237,-868.544,False,False
744.0,108.417,0.07,Morty,-971.911,-49.987,159.237,-862.662,False,False
745.0,108.366,0.04,Morty,-971.911,-51.677,159.237,-864.352,False,False
746.0,108.063,0.02,Morty,-971.911,-61.878,159.237,-874.553,False,False
747.0,107.495,0.07,Morty,-971.911,-81.432,159.237,-894.107,False,False
748.0,106.661,0.04,Morty,-971.911,-111.323,159.237,-923.997,False,False
749.0,107.092,0.06,Morty,-971.911,-95.706,159.237,-908.381,False,False
750.0,110.001,0.06,Morty,-971.911,0.016,159.237,-812.659,False,False
751.0,111.816,0.02,Morty,-971.911,51.178,159.237,-761.496,False,False
752.0,112.899,0.01,Morty,-971.911,78.559,159.237,-734.116,False,False
753.0,113.572,0.04,Morty,-971.911,94.396,159.237,-718.278,False,False
754.0,114.125,0.04,Morty,-971.911,106.739,159.237,-705.936,False,False
755.0,114.827,0.05,Morty,-971.911,121.513,159.237,-691.161,False,False
756.0,115.936,0.05,Morty,-971.911,142.852,159.237,-669.823,False,False
757.0,117.713,0.0,Morty,-971.911,171.905,159.237,-640.769,False,False
758.0,120.427,0.04,Morty,-971.911,204.088,159.237,-608.586,False,False
759.0,124.324,0.04,Rick,-971.911,204.088,224.544,-543.28,False,False
760.0,129.461,0.01,Rick,-971.911,204.088,205.104,-562.72,False,False
761.0,135.594,0.05,Rick,-971.911,204.088,112.764,-655.059,False,False
762.0,142.427,0.07,Rick,-971.911,204.088,-78.707,-846.53,False,False
763.0,149.671,0.08,Rick,-971.911,204.088,-383.66,-1151.483,False,False
764.0,157.042,0.08,Rick,-971.911,204.088,-801.688,-1569.512,False,False
765.0,164.244,0.05,Rick,-971.911,204.088,-1315.125,-2082.949,False,False
766.0,170.96,0.06,Rick,-971.911,204.088,-1887.357,-2655.18,False,False
767.0,176.87,0.08,Rick,-971.911,204.088,-2465.454,-3233.278,False,False
768.0,181.655,0.04,Rick,-971.911,204.088,-2984.759,-3752.582,False,False
769.0,185.041,0.01,Rick,-971.911,204.088,-3379.915,-4147.738,False,False
770.0,186.996,0.02,Rick,-971.911,204.088,-3618.504,-4386.327,False,False
771.0,187.85,0.02,Rick,-971.911,204.088,-3725.18,-4493.004,False,False
772.0,188.016,0.01,Rick,-971.911,204.088,-3746.076,-4513.899,False,False
773.0,187.907,0.03,Rick,-971.911,204.088,-3732.335,-4500.158,False,False
774.0,187.902,0.08,Rick,-971.911,204.088,-3731.621,-4499.445,False,False
775.0,188.164,0.0,Rick,-971.911,204.088,-3764.701,-4532.525,False,False
776.0,188.538,0.0,Rick,-971.911,204.088,-3812.029,-4579.852,False,False
777.0,188.794,0.05,Rick,-971.911,204.088,-3844.72,-4612.543,False,False
778.0,188.707,0.08,Rick,-971.911,204.088,-3833.576,-4601.399,False,False
779.0,188.081,0.05,Rick,-971.911,204.088,-3754.185,-4522.009,False,False
780.0,186.914,0.04,Rick,-971.911,204.088,-3608.362,-4376.186,False,False
781.0,185.494,0.04,Rick,-971.911,204.088,-3434.574,-4202.397,False,False
782.0,184.174,0.06,Rick,-971.911,204.088,-3276.513,-4044.336,False,False
783.0,183.304,0.01,Rick,-971.911,204.088,-3174.4,-3942.223,False,False
784.0,183.206,0.06,Rick,-971.911,204.088,-3162.976,-3930.8,False,False
785.0,183.996,0.05,Rick,-971.911,204.088,-3255.514,-4023.337,False,False
786.0,185.484,0.07,Rick,-971.911,204.088,-3433.369,-4201.193,False,False
787.0,187.417,0.04,Rick,-971.911,204.088,-3670.882,-4438.706,False,False
788.0,189.54,0.07,Rick,-971.911,204.088,-3940.383,-4708.207,False,False
789.0,191.615,0.06,Rick,-971.911,204.088,-4212.599,-4980.423,False,False
790.0,193.501,0.01,Rick,-971.911,204.088,-4467.346,-5235.169,False,False
791.0,195.193,0.06,Rick,-971.911,204.088,-4702.059,-5469.882,False,False
792.0,196.714,0.02,Rick,-971.911,204.088,-4917.873,-5685.696,False,False
793.0,198.076,0.01,Rick,-971.911,204.088,-5115.062,-5882.885,False,False
794.0,199.283,0.0,Rick,-971.911,204.088,-5292.95,-6060.773,False,False
795.0,200.333,0.01,Rick,-971.911,204.088,-5450.092,-6217.916,False,False
796.0,201.221,0.03,Rick,-971.911,204.088,-5584.62,-6352.444,False,False
797.0,201.939,0.05,Rick,-971.911,204.088,-5694.612,-6462.435,False,False
798.0,202.482,0.0,Rick,-971.911,204.088,-5778.405,-6546.228,False,False
799.0,202.481,0.07,Rick,-971.911,204.088,-5778.307,-6546.131,False,False
800.0,201.759,0.06,Rick,-971.911,204.088,-5666.916,-6434.739,False,False
801.0,201.401,0.0,Rick,-971.911,204.088,-5612.158,-6379.982,False,False
802.0,201.365,0.02,Rick,-971.911,204.088,-5606.643,-6374.466,False,False
803.0,201.618,0.06,Rick,-971.911,204.088,-5645.275,-6413.098,False,False
804.0,202.139,0.0,Rick,-971.911,204.088,-5725.353,-6493.176,False,False
805.0,202.911,0.08,Rick,-971.911,204.088,-5845.06,-6612.884,False,False
806.0,203.915,0.04,Rick,-971.911,204.088,-6002.625,-6770.449,False,False
807.0,205.13,0.0,Rick,-971.911,204.088,-6195.816,-6963.639,False,False
808.0,206.527,0.01,Rick,-971.911,204.088,-6421.626,-7189.449,False,False
809.0,208.058,0.0,Rick,-971.911,204.088,-6673.575,-7441.399,False,False
810.0,209.578,0.04,Rick,-971.911,204.088,-6928.469,-7696.293,False,False
811.0,210.804,0.03,Rick,-971.911,204.088,-7137.28,-7905.103,False,False
812.0,211.419,0.08,Rick,-971.911,204.088,-7243.263,-8011.086,False,False
813.0,211.111,0.06,Rick,-971.911,204.088,-7190.032,-7957.855,False,False
814.0,209.615,0.08,Rick,-971.911,204.088,-6934.718,-7702.541,False,False
815.0,206.965,0.08,Rick,-971.911,204.088,-6493.232,-7261.056,False,False
816.0,203.633,0.07,Rick,-971.911,204.088,-5958.195,-6726.019,False,False
817.0,200.193,0.04,Rick,-971.911,204.088,-5428.975,-6196.798,False,False
818.0,197.217,0.02,Rick,-971.911,204.088,-4990.248,-5758.071,False,False
819.0,195.214,0.03,Rick,-971.911,204.088,-4705.041,-5472.865,False,False
820.0,194.313,0.04,Rick,-971.911,204.088,-4579.344,-5347.168,False,False
821.0,194.069,0.05,Rick,-971.911,204.088,-4545.473,-5313.297,False,False
822.0,193.907,0.05,Rick,-971.911,204.088,-4523.203,-5291.027,False,False
823.0,193.257,0.07,Rick,-971.911,204.088,-4433.964,-5201.787,False,False
824.0,191.614,0.06,Rick,-971.911,204.088,-4212.406,-4980.229,False,False
825.0,188.892,0.07,Rick,-971.911,204.088,-3857.224,-4625.048,False,False
826.0,185.629,0.05,Rick,-971.911,204.088,-3450.925,-4218.748,False,False
827.0,182.501,0.02,Rick,-971.911,204.088,-3081.398,-3849.222,False,False
828.0,180.184,0.01,Rick,-971.911,204.088,-2820.254,-3588.077,False,False
829.0,179.28,0.04,Rick,-971.911,204.088,-2721.272,-3489.095,False,False
830.0,179.952,0.07,Rick,-971.911,204.088,-2794.745,-3562.568,False,False
831.0,181.707,0.01,Rick,-971.911,204.088,-2990.702,-3758.525,False,False
832.0,183.904,0.03,Rick,-971.911,204.088,-3244.642,-4012.465,False,False
833.0,185.901,0.01,Rick,-971.911,204.088,-3483.936,-4251.76,False,False
834.0,187.103,0.03,Rick,-971.911,204.088,-3631.795,-4399.619,False,False
835.0,187.18,0.07,Rick,-971.911,204.088,-3641.411,-4409.235,False,False
836.0,186.204,0.01,Rick,-971.911,204.088,-3520.916,-4288.74,False,False
837.0,184.333,0.04,Rick,-971.911,204.088,-3295.421,-4063.244,False,False
838.0,181.728,0.05,Rick,-971.911,204.088,-2993.075,-3760.899,False,False
839.0,178.551,0.02,Rick,-971.911,204.088,-2642.659,-3410.483,False,False
840.0,174.973,0.02,Rick,-971.911,204.088,-2272.332,-3040.155,False,False
841.0,171.186,0.05,Rick,-971.911,204.088,-1908.124,-2675.948,False,False
842.0,167.381,0.08,Rick,-971.911,204.088,-1571.149,-2338.973,False,False
843.0,163.752,0.0,Rick,-971.911,204.088,-1276.74,-2044.563,False,False
844.0,160.493,0.03,Rick,-971.911,204.088,-1034.735,-1802.559,False,False
845.0,157.795,0.0,Rick,-971.911,204.088,-850.511,-1618.334,False,False
846.0,155.851,0.0,Rick,-971.911,204.088,-726.76,-1494.583,False,False
847.0,154.85,0.05,Rick,-971.911,204.088,-666.016,-1433.839,False,False
848.0,154.982,0.03,Rick,-971.911,204.088,-673.897,-1441.721,False,False
849.0,156.27,0.03,Rick,-971.911,204.088,-752.839,-1520.662,False,False
850.0,157.634,0.02,Rick,-971.911,204.088,-839.973,-1607.796,False,False
851.0,157.432,0.0,Rick,-971.911,204.088,-826.863,-1594.687,False,False
852.0,156.034,0.01,Rick,-971.911,204.088,-738.093,-1505.916,False,False
853.0,153.806,0.03,Rick,-971.911,204.088,-604.762,-1372.586,False,False
854.0,151.116,0.07,Rick,-971.911,204.088,-457.048,-1224.871,False,False
855.0,148.334,0.07,Rick,-971.911,204.088,-319.456,-1087.279,False,False
856.0,145.827,0.07,Rick,-971.911,204.088,-208.766,-976.589,False,False
857.0,143.966,0.08,Rick,-971.911,204.088,-134.696,-902.519,False,False
858.0,143.119,0.07,Rick,-971.911,204.088,-103.287,-871.11,False,False
859.0,143.601,0.06,Rick,-971.911,204.088,-121.011,-888.834,False,False
860.0,145.404,0.04,Rick,-971.911,204.088,-191.321,-959.144,False,False
861.0,148.029,0.01,Rick,-971.911,204.088,-305.348,-1073.171,False,False
862.0,150.872,0.04,Rick,-971.911,204.088,-444.356,-1212.179,False,False
863.0,153.326,0.01,Rick,-971.911,204.088,-577.388,-1345.212,False,False
864.0,154.828,0.06,Rick,-971.911,204.088,-664.711,-1432.535,False,False
865.0,155.054,0.04,Rick,-971.911,204.088,-678.217,-1446.04,False,False
866.0,154.043,0.03,Rick,-971.911,204.088,-618.478,-1386.302,False,False
867.0,151.916,0.05,Rick,-971.911,204.088,-499.462,-1267.285,False,False
868.0,148.794,0.06,Rick,-971.911,204.088,-341.134,-1108.958,False,False
869.0,144.823,0.06,Rick,-971.911,204.088,-167.951,-935.775,False,False
870.0,140.309,0.08,Rick,-971.911,204.088,-9.365,-777.188,False,False
871.0,135.793,0.06,Rick,-971.911,204.088,108.51,-659.313,False,False
872.0,131.869,0.05,Rick,-971.911,204.088,177.814,-590.009,False,False
873.0,129.131,0.08,Rick,-971.911,204.088,207.932,-559.892,False,False
874.0,128.101,0.05,Rick,-971.911,204.088,215.384,-552.439,False,False
875.0,128.865,0.02,Rick,-971.911,204.088,210.065,-557.759,False,False
876.0,130.857,0.04,Rick,-971.911,204.088,190.693,-577.13,False,False
877.0,133.369,0.0,Rick,-971.911,204.088,154.965,-612.859,False,False
878.0,135.689,0.07,Rick,-971.911,204.088,110.743,-657.08,False,False
879.0,137.162,0.07,Rick,-971.911,204.088,77.093,-690.731,False,False
880.0,137.449,0.02,Rick,-971.911,204.088,70.021,-697.802,False,False
881.0,136.692,0.08,Rick,-971.911,204.088,88.289,-679.534,False,False
882.0,135.141,0.04,Rick,-971.911,204.088,122.163,-645.661,False,False
883.0,133.053,0.08,Rick,-971.911,204.088,160.153,-607.67,False,False
884.0,130.696,0.08,Rick,-971.911,204.088,192.555,-575.268,False,False
885.0,128.309,0.0,Rick,-971.911,204.088,214.052,-553.771,False,False
886.0,126.069,0.06,Rick,-971.911,204.088,223.858,-543.966,False,False
887.0,124.144,0.04,Rick,-971.911,204.088,224.267,-543.557,False,False
888.0,122.691,0.03,Rick,-971.911,204.088,219.67,-548.154,False,False
889.0,121.838,0.0,Rick,-971.911,204.088,215.0,-552.823,False,False
890.0,121.618,0.04,Rick,-971.911,204.088,213.562,-554.262,False,False
891.0,121.942,0.01,Rick,-971.911,204.088,215.649,-552.174,False,False
892.0,122.674,0.05,Rick,-971.911,204.088,219.589,-548.235,False,False
893.0,123.658,0.01,Rick,-971.911,204.088,223.198,-544.625,False,False
894.0,124.726,0.05,Rick,-971.911,204.088,224.925,-542.898,False,False
895.0,125.709,0.03,Rick,-971.911,204.088,224.498,-543.326,False,False
896.0,126.437,0.08,Rick,-971.911,204.088,222.935,-544.888,False,False
897.0,126.75,0.02,Rick,-971.911,204.088,221.937,-545.887,False,False
898.0,126.496,0.02,Rick,-971.911,204.088,222.762,-545.062,False,False
899.0,126.586,0.0,Rick,-971.911,204.088,222.484,-545.34,False,False
900.0,128.269,0.0,Rick,-971.911,204.088,214.312,-553.512,False,False
901.0,129.995,0.07,Rick,-971.911,204.088,200.053,-567.771,False,False
902.0,131.739,0.0,Rick,-971.911,204.088,179.592,-588.232,False,False
903.0,133.482,0.0,Rick,-971.911,204.088,153.058,-614.765,False,False
904.0,135.21,0.0,Rick,-971.911,204.088,120.762,-647.062,False,False
905.0,136.911,0.05,Rick,-971.911,204.088,83.138,-684.685,False,False
906.0,138.575,0.01,Rick,-971.911,204.088,40.706,-727.117,False,False
907.0,140.198,0.06,Rick,-971.911,204.088,-5.969,-773.792,False,False
908.0,141.772,0.08,Rick,-971.911,204.088,-56.296,-824.119,False,False
909.0,143.297,0.06,Rick,-971.911,204.088,-109.784,-877.608,False,False
910.0,144.791,0.0,Rick,-971.911,204.088,-166.679,-934.503,False,False
911.0,146.298,0.08,Rick,-971.911,204.088,-228.599,-996.423,False,False
912.0,147.869,0.05,Rick,-971.911,204.088,-297.987,-1065.81,False,False
913.0,149.555,0.02,Rick,-971.911,204.088,-377.948,-1145.772,False,False
914.0,151.391,0.03,Rick,-971.911,204.088,-471.487,-1239.31,False,False
915.0,153.314,0.04,Rick,-971.911,204.088,-576.704,-1344.528,False,False
916.0,155.116,0.06,Rick,-971.911,204.088,-681.99,-1449.813,False,False
917.0,156.556,0.07,Rick,-971.911,204.088,-770.755,-1538.578,False,False
918.0,157.391,0.06,Rick,-971.911,204.088,-824.203,-1592.026,False,False
919.0,157.407,0.03,Rick,-971.911,204.088,-825.228,-1593.051,False,False
920.0,156.532,0.05,Rick,-971.911,204.088,-769.249,-1537.072,False,False
921.0,154.911,0.07,Rick,-971.911,204.088,-669.689,-1437.513,False,False
922.0,152.741,0.02,Rick,-971.911,204.088,-544.588,-1312.412,False,False
923.0,150.218,0.07,Rick,-971.911,204.088,-410.945,-1178.768,False,False
924.0,147.53,0.07,Rick,-971.911,204.088,-282.613,-1050.436,False,False
925.0,144.825,0.06,Rick,-971.911,204.088,-168.013,-935.836,False,False
926.0,142.181,0.07,Rick,-971.911,204.088,-70.203,-838.026,False,False
927.0,139.668,0.01,Rick,-971.911,204.088,9.862,-757.961,False,False
928.0,137.349,0.03,Rick,-971.911,204.088,72.496,-695.328,False,False
929.0,135.295,0.04,Rick,-971.911,204.088,119.013,-648.811,False,False
930.0,133.593,0.01,Rick,-971.911,204.088,151.158,-616.665,False,False
931.0,132.362,0.02,Rick,-971.911,204.088,170.804,-597.019,False,False
932.0,131.722,0.06,Rick,-971.911,204.088,179.821,-588.002,False,False
933.0,131.788,0.08,Rick,-971.911,204.088,178.923,-588.901,False,False
934.0,132.648,0.06,Rick,-971.911,204.088,166.516,-601.308,False,False
935.0,134.228,0.02,Rick,-971.911,204.088,139.845,-627.979,False,False
936.0,136.222,0.0,Rick,-971.911,204.088,99.062,-668.761,False,False
937.0,138.271,0.08,Rick,-971.911,204.088,48.867,-718.956,False,False
938.0,140.018,0.02,Rick,-971.911,204.088,-0.554,-768.377,False,False
939.0,141.141,0.0,Rick,-971.911,204.088,-35.548,-803.371,False,False
940.0,141.525,0.06,Rick,-971.911,204.088,-48.079,-815.902,False,False
941.0,141.362,0.08,Rick,-971.911,204.088,-42.707,-810.53,False,False
942.0,140.914,0.04,Rick,-971.911,204.088,-28.254,-796.077,False,False
943.0,140.446,0.01,Rick,-971.911,204.088,-13.58,-781.403,False,False
944.0,140.224,0.04,Rick,-971.911,204.088,-6.763,-774.586,False,False
945.0,140.514,0.02,Rick,-971.911,204.088,-15.691,-783.514,False,False
946.0,141.586,0.01,Rick,-971.911,204.088,-50.084,-817.907,False,False
947.0,143.707,0.01,Rick,-971.911,204.088,-124.963,-892.787,False,False
948.0,147.149,0.03,Rick,-971.911,204.088,-265.594,-1033.417,False,False
949.0,153.755,0.08,Rick,-971.911,204.088,-601.839,-1369.663,False,False
950.0,163.331,0.04,Rick,-971.911,204.088,-1244.298,-2012.122,False,False
951.0,169.051,0.07,Rick,-971.911,204.088,-1715.462,-2483.286,False,False
952.0,171.531,0.04,Rick,-971.911,204.088,-1940.142,-2707.966,False,False
953.0,171.391,0.03,Rick,-971.911,204.088,-1927.146,-2694.969,False,False
954.0,169.25,0.01,Rick,-971.911,204.088,-1733.026,-2500.849,False,False
955.0,165.725,0.02,Rick,-971.911,204.088,-1433.487,-2201.311,False,False
956.0,161.434,0.07,Rick,-971.911,204.088,-1102.462,-1870.285,False,False
957.0,156.997,0.01,Rick,-971.911,204.088,-798.825,-1566.649,False,False
958.0,153.031,0.02,Rick,-971.911,204.088,-560.765,-1328.588,False,False
959.0,150.097,0.05,Rick,-971.911,204.088,-404.88,-1172.704,False,False
960.0,148.409,0.0,Rick,-971.911,204.088,-322.974,-1090.798,False,False
